{"gcnn": {"grade-low": 2.3636363636363638, "grade-high": 2.893939393939394, "grade": 2.621212121212121, "rougel-low": 0.8118333333333334, "rougel-high": 0.8837878787878788, "rougel": 0.8471060606060606, "codebleu-low": 0.6535454545454545, "codebleu-high": 0.7791666666666667, "codebleu": 0.7158030303030303, "chrf-low": 0.7639696969696971, "chrf-high": 0.8528181818181817, "chrf": 0.8075909090909091, "meteor-low": 0.6981363636363636, "meteor-high": 0.8098181818181818, "meteor": 0.7517727272727273, "bleu-low": 62.694, "bleu-high": 76.861, "bleu": 69.197, "ruby-low": 0.8161666666666666, "ruby-high": 0.9041666666666667, "ruby": 0.8582878787878787}, "nl2code": {"grade-low": 2.515151515151515, "grade-high": 2.9545454545454546, "grade": 2.727272727272727, "rougel-low": 0.8355303030303031, "rougel-high": 0.896030303030303, "rougel": 0.8654242424242424, "codebleu-low": 0.6699545454545455, "codebleu-high": 0.7802575757575757, "codebleu": 0.7235, "chrf-low": 0.771469696969697, "chrf-high": 0.8431060606060606, "chrf": 0.8060454545454545, "meteor-low": 0.7466818181818181, "meteor-high": 0.8462575757575758, "meteor": 0.796409090909091, "bleu-low": 68.549, "bleu-high": 80.876, "bleu": 74.512, "ruby-low": 0.8289090909090909, "ruby-high": 0.9065, "ruby": 0.8671363636363637}, "gcnn_1_1": {"grade-low": 2.393939393939394, "grade-high": 2.909090909090909, "grade": 2.6515151515151514, "rougel-low": 0.8130303030303031, "rougel-high": 0.8847575757575757, "rougel": 0.8483030303030302, "codebleu-low": 0.6572878787878786, "codebleu-high": 0.7828181818181817, "codebleu": 0.7180151515151515, "chrf-low": 0.7656363636363637, "chrf-high": 0.8540151515151514, "chrf": 0.8086363636363637, "meteor-low": 0.7012121212121213, "meteor-high": 0.8099242424242424, "meteor": 0.7543787878787878, "bleu-low": 63.011, "bleu-high": 77.157, "bleu": 69.499, "ruby-low": 0.8177727272727272, "ruby-high": 0.9046060606060606, "ruby": 0.8603181818181818}, "gcnn_3_1": {"grade-low": 2.4545454545454546, "grade-high": 2.9393939393939394, "grade": 2.6818181818181817, "rougel-low": 0.8175909090909091, "rougel-high": 0.8885606060606062, "rougel": 0.8524848484848484, "codebleu-low": 0.6579090909090909, "codebleu-high": 0.7836060606060605, "codebleu": 0.7190757575757575, "chrf-low": 0.7656818181818181, "chrf-high": 0.8553181818181818, "chrf": 0.809939393939394, "meteor-low": 0.7036212121212121, "meteor-high": 0.8157878787878788, "meteor": 0.7579393939393938, "bleu-low": 63.015, "bleu-high": 77.279, "bleu": 69.589, "ruby-low": 0.818939393939394, "ruby-high": 0.9061515151515153, "ruby": 0.8615454545454546}, "gcnn_5_1": {"grade-low": 2.4696969696969697, "grade-high": 2.9393939393939394, "grade": 2.696969696969697, "rougel-low": 0.8212272727272727, "rougel-high": 0.8901969696969698, "rougel": 0.8553484848484848, "codebleu-low": 0.6619696969696971, "codebleu-high": 0.7887272727272727, "codebleu": 0.7235454545454545, "chrf-low": 0.7680303030303031, "chrf-high": 0.8568333333333334, "chrf": 0.8125151515151516, "meteor-low": 0.7093636363636363, "meteor-high": 0.8184393939393939, "meteor": 0.7618939393939393, "bleu-low": 63.376, "bleu-high": 77.631, "bleu": 70.054, "ruby-low": 0.8213636363636364, "ruby-high": 0.9078484848484848, "ruby": 0.8639242424242424}, "gcnn_10_1": {"grade-low": 2.515151515151515, "grade-high": 3.0, "grade": 2.757575757575758, "rougel-low": 0.8352121212121214, "rougel-high": 0.8976060606060606, "rougel": 0.8655909090909091, "codebleu-low": 0.6615757575757576, "codebleu-high": 0.7816060606060606, "codebleu": 0.7223939393939395, "chrf-low": 0.7792575757575758, "chrf-high": 0.8610606060606062, "chrf": 0.8195, "meteor-low": 0.7255151515151516, "meteor-high": 0.8299545454545455, "meteor": 0.7756666666666666, "bleu-low": 65.577, "bleu-high": 78.753, "bleu": 71.519, "ruby-low": 0.8290151515151515, "ruby-high": 0.9114848484848485, "ruby": 0.8693939393939393}, "gcnn_15_1": {"grade-low": 2.5606060606060606, "grade-high": 3.0454545454545454, "grade": 2.803030303030303, "rougel-low": 0.8378636363636366, "rougel-high": 0.900969696969697, "rougel": 0.868469696969697, "codebleu-low": 0.6669393939393939, "codebleu-high": 0.7877424242424242, "codebleu": 0.7273787878787878, "chrf-low": 0.7830909090909092, "chrf-high": 0.8637727272727272, "chrf": 0.8220000000000001, "meteor-low": 0.7319242424242424, "meteor-high": 0.8350909090909091, "meteor": 0.7818030303030302, "bleu-low": 66.138, "bleu-high": 79.048, "bleu": 72.074, "ruby-low": 0.8330151515151515, "ruby-high": 0.9157575757575758, "ruby": 0.8731363636363637}, "gcnn_20_1": {"grade-low": 2.621212121212121, "grade-high": 3.090909090909091, "grade": 2.8484848484848486, "rougel-low": 0.8413181818181819, "rougel-high": 0.9022575757575758, "rougel": 0.8716363636363637, "codebleu-low": 0.6733636363636365, "codebleu-high": 0.7904848484848486, "codebleu": 0.7311666666666666, "chrf-low": 0.7869545454545454, "chrf-high": 0.8661818181818182, "chrf": 0.8258787878787878, "meteor-low": 0.7362878787878788, "meteor-high": 0.8414545454545455, "meteor": 0.7865757575757575, "bleu-low": 67.055, "bleu-high": 79.512, "bleu": 72.841, "ruby-low": 0.8383939393939394, "ruby-high": 0.9166666666666666, "ruby": 0.8766969696969698}, "gcnn_25_1": {"grade-low": 2.6666666666666665, "grade-high": 3.121212121212121, "grade": 2.893939393939394, "rougel-low": 0.8441363636363637, "rougel-high": 0.9039999999999999, "rougel": 0.8741363636363636, "codebleu-low": 0.6776363636363637, "codebleu-high": 0.795348484848485, "codebleu": 0.7358181818181818, "chrf-low": 0.7895, "chrf-high": 0.869060606060606, "chrf": 0.8287575757575757, "meteor-low": 0.7403939393939393, "meteor-high": 0.8423484848484848, "meteor": 0.7890454545454544, "bleu-low": 67.618, "bleu-high": 79.924, "bleu": 73.423, "ruby-low": 0.8394393939393938, "ruby-high": 0.9173787878787878, "ruby": 0.8780303030303029}, "gcnn_30_1": {"grade-low": 2.727272727272727, "grade-high": 3.1515151515151514, "grade": 2.9393939393939394, "rougel-low": 0.8435303030303031, "rougel-high": 0.9041212121212121, "rougel": 0.8738484848484848, "codebleu-low": 0.6794242424242424, "codebleu-high": 0.794909090909091, "codebleu": 0.7363484848484848, "chrf-low": 0.7895, "chrf-high": 0.8687727272727273, "chrf": 0.8282575757575757, "meteor-low": 0.7395454545454545, "meteor-high": 0.8432727272727274, "meteor": 0.7892121212121213, "bleu-low": 67.788, "bleu-high": 79.987, "bleu": 73.629, "ruby-low": 0.8404090909090909, "ruby-high": 0.9183787878787878, "ruby": 0.8789999999999999}, "gcnn_1_0": {"grade-low": 2.3333333333333335, "grade-high": 2.8484848484848486, "grade": 2.590909090909091, "rougel-low": 0.8118333333333334, "rougel-high": 0.883909090909091, "rougel": 0.8472272727272727, "codebleu-low": 0.6535454545454545, "codebleu-high": 0.780878787878788, "codebleu": 0.7170606060606061, "chrf-low": 0.7640757575757575, "chrf-high": 0.8532121212121212, "chrf": 0.8076969696969697, "meteor-low": 0.6988181818181817, "meteor-high": 0.8106212121212121, "meteor": 0.7529545454545453, "bleu-low": 62.717, "bleu-high": 76.905, "bleu": 69.283, "ruby-low": 0.8161666666666666, "ruby-high": 0.9041818181818182, "ruby": 0.8583030303030302}, "gcnn_3_0": {"grade-low": 2.3181818181818183, "grade-high": 2.8333333333333335, "grade": 2.5757575757575757, "rougel-low": 0.8107272727272727, "rougel-high": 0.8827424242424243, "rougel": 0.8460606060606061, "codebleu-low": 0.653409090909091, "codebleu-high": 0.7776060606060605, "codebleu": 0.715030303030303, "chrf-low": 0.7629393939393939, "chrf-high": 0.8508939393939394, "chrf": 0.8057272727272727, "meteor-low": 0.6975454545454546, "meteor-high": 0.8080757575757577, "meteor": 0.7516818181818181, "bleu-low": 62.499, "bleu-high": 76.513, "bleu": 69.099, "ruby-low": 0.8152727272727273, "ruby-high": 0.902030303030303, "ruby": 0.8566969696969696}, "gcnn_5_0": {"grade-low": 2.303030303030303, "grade-high": 2.8181818181818183, "grade": 2.5606060606060606, "rougel-low": 0.8107272727272727, "rougel-high": 0.8823484848484848, "rougel": 0.8458636363636364,