{"gcnn": {"grade-low": 2.3636363636363638, "grade-high": 2.878787878787879, "grade": 2.621212121212121, "rougel-low": 0.8121515151515151, "rougel-high": 0.8824090909090909, "rougel": 0.8471060606060606, "codebleu-low": 0.6574242424242425, "codebleu-high": 0.7782272727272728, "codebleu": 0.7158030303030303, "chrf-low": 0.7641212121212123, "chrf-high": 0.8497121212121213, "chrf": 0.8075909090909091, "meteor-low": 0.6957727272727272, "meteor-high": 0.8090151515151517, "meteor": 0.7517727272727273, "bleu-low": 62.903, "bleu-high": 75.72, "bleu": 69.197, "ruby-low": 0.8207878787878787, "ruby-high": 0.8952727272727273, "ruby": 0.8581515151515151}, "nl2code": {"grade-low": 2.5, "grade-high": 2.9545454545454546, "grade": 2.727272727272727, "rougel-low": 0.8336515151515153, "rougel-high": 0.895909090909091, "rougel": 0.8654242424242424, "codebleu-low": 0.6678030303030303, "codebleu-high": 0.7808636363636363, "codebleu": 0.7235, "chrf-low": 0.7682272727272726, "chrf-high": 0.8447121212121212, "chrf": 0.8060454545454545, "meteor-low": 0.7466060606060606, "meteor-high": 0.849939393939394, "meteor": 0.796409090909091, "bleu-low": 68.483, "bleu-high": 80.717, "bleu": 74.512, "ruby-low": 0.8187424242424243, "ruby-high": 0.8904242424242426, "ruby": 0.8556212121212121}, "gcnn_1_1": {"grade-low": 2.393939393939394, "grade-high": 2.9242424242424243, "grade": 2.6515151515151514, "rougel-low": 0.8136363636363637, "rougel-high": 0.8831818181818181, "rougel": 0.8483030303030302, "codebleu-low": 0.6601666666666668, "codebleu-high": 0.7810303030303031, "codebleu": 0.7180151515151515, "chrf-low": 0.7661515151515151, "chrf-high": 0.8507575757575758, "chrf": 0.8086363636363637, "meteor-low": 0.6977727272727272, "meteor-high": 0.8122272727272728, "meteor": 0.7543787878787878, "bleu-low": 62.903, "bleu-high": 76.126, "bleu": 69.499, "ruby-low": 0.8211969696969696, "ruby-high": 0.8979090909090908, "ruby": 0.8601818181818182}, "gcnn_3_1": {"grade-low": 2.4242424242424243, "grade-high": 2.9393939393939394, "grade": 2.6818181818181817, "rougel-low": 0.8192272727272727, "rougel-high": 0.8871666666666667, "rougel": 0.8524848484848484, "codebleu-low": 0.661409090909091, "codebleu-high": 0.781939393939394, "codebleu": 0.7190757575757575, "chrf-low": 0.767090909090909, "chrf-high": 0.8526060606060607, "chrf": 0.809939393939394, "meteor-low": 0.7019393939393939, "meteor-high": 0.8156363636363636, "meteor": 0.7579393939393938, "bleu-low": 62.936, "bleu-high": 76.32, "bleu": 69.589, "ruby-low": 0.8222727272727273, "ruby-high": 0.8990151515151513, "ruby": 0.8611666666666666}, "gcnn_5_1": {"grade-low": 2.4545454545454546, "grade-high": 2.9545454545454546, "grade": 2.696969696969697, "rougel-low": 0.8214242424242423, "rougel-high": 0.889378787878788, "rougel": 0.8553484848484848, "codebleu-low": 0.6667575757575758, "codebleu-high": 0.7855, "codebleu": 0.7235454545454545, "chrf-low": 0.7708939393939395, "chrf-high": 0.8545606060606061, "chrf": 0.8125151515151516, "meteor-low": 0.7088484848484848, "meteor-high": 0.8202878787878787, "meteor": 0.7618939393939393, "bleu-low": 63.494, "bleu-high": 76.881, "bleu": 70.054, "ruby-low": 0.8249242424242424, "ruby-high": 0.9000303030303031, "ruby": 0.8635454545454544}, "gcnn_10_1": {"grade-low": 2.515151515151515, "grade-high": 3.0303030303030303, "grade": 2.757575757575758, "rougel-low": 0.8320000000000001, "rougel-high": 0.8974242424242423, "rougel": 0.8655909090909091, "codebleu-low": 0.6670303030303031, "codebleu-high": 0.7805000000000001, "codebleu": 0.7223939393939395, "chrf-low": 0.7776666666666667, "chrf-high": 0.8606666666666667, "chrf": 0.8195, "meteor-low": 0.722939393939394, "meteor-high": 0.8298030303030303, "meteor": 0.7756666666666666, "bleu-low": 65.329, "bleu-high": 78.363, "bleu": 71.519, "ruby-low": 0.8342121212121212, "ruby-high": 0.9048181818181817, "ruby": 0.8709242424242424}, "gcnn_15_1": {"grade-low": 2.5606060606060606, "grade-high": 3.0454545454545454, "grade": 2.803030303030303, "rougel-low": 0.8346212121212122, "rougel-high": 0.9006060606060606, "rougel": 0.868469696969697, "codebleu-low": 0.6718787878787879, "codebleu-high": 0.7878484848484848, "codebleu": 0.7273787878787878, "chrf-low": 0.7809242424242425, "chrf-high": 0.8634090909090908, "chrf": 0.8220000000000001, "meteor-low": 0.7291212121212121, "meteor-high": 0.8360757575757577, "meteor": 0.7818030303030302, "bleu-low": 65.901, "bleu-high": 78.706, "bleu": 72.074, "ruby-low": 0.8330454545454545, "ruby-high": 0.9042575757575758, "ruby": 0.8701969696969697}, "gcnn_20_1": {"grade-low": 2.621212121212121, "grade-high": 3.0757575757575757, "grade": 2.8484848484848486, "rougel-low": 0.8395454545454546, "rougel-high": 0.9027121212121213, "rougel": 0.8716363636363637, "codebleu-low": 0.675878787878788, "codebleu-high": 0.7902424242424242, "codebleu": 0.7311666666666666, "chrf-low": 0.7861060606060607, "chrf-high": 0.8654999999999999, "chrf": 0.8258787878787878, "meteor-low": 0.7346060606060606, "meteor-high": 0.8420151515151515, "meteor": 0.7865757575757575, "bleu-low": 66.892, "bleu-high": 79.324, "bleu": 72.841, "ruby-low": 0.8399545454545454, "ruby-high": 0.9069545454545456, "ruby": 0.8741818181818181}, "gcnn_25_1": {"grade-low": 2.6666666666666665, "grade-high": 3.121212121212121, "grade": 2.893939393939394, "rougel-low": 0.8421515151515152, "rougel-high": 0.9050303030303031, "rougel": 0.8741363636363636, "codebleu-low": 0.6808636363636363, "codebleu-high": 0.793939393939394, "codebleu": 0.7358181818181818, "chrf-low": 0.7888636363636364, "chrf-high": 0.8697727272727271, "chrf": 0.8287575757575757, "meteor-low": 0.7384848484848485, "meteor-high": 0.8435606060606061, "meteor": 0.7890454545454544, "bleu-low": 67.697, "bleu-high": 79.792, "bleu": 73.423, "ruby-low": 0.8415454545454545, "ruby-high": 0.9084848484848483, "ruby": 0.8755454545454544}, "gcnn_30_1": {"grade-low": 2.727272727272727, "grade-high": 3.1666666666666665, "grade": 2.9393939393939394, "rougel-low": 0.8421969696969697, "rougel-high": 0.9042272727272728, "rougel": 0.8738484848484848, "codebleu-low": 0.6810151515151514, "codebleu-high": 0.794409090909091, "codebleu": 0.7363484848484848, "chrf-low": 0.788409090909091, "chrf-high": 0.8693333333333333, "chrf": 0.8282575757575757, "meteor-low": 0.7384545454545455, "meteor-high": 0.8434545454545456, "meteor": 0.7892121212121213, "bleu-low": 68.038, "bleu-high": 79.97, "bleu": 73.629, "ruby-low": 0.8369090909090908, "ruby-high": 0.9059848484848485, "ruby": 0.8730454545454545}, "gcnn_1_0": {"grade-low": 2.3484848484848486, "grade-high": 2.8484848484848486, "grade": 2.590909090909091, "rougel-low": 0.8125757575757575, "rougel-high": 0.8825757575757576, "rougel": 0.8472272727272727, "codebleu-low": 0.6574242424242425, "codebleu-high": 0.7793484848484848, "codebleu": 0.7170606060606061, "chrf-low": 0.7641969696969697, "chrf-high": 0.8497121212121213, "chrf": 0.8076969696969697, "meteor-low": 0.6957727272727272, "meteor-high": 0.8092424242424243, "meteor": 0.7529545454545453, "bleu-low": 62.955, "bleu-high": 75.777, "bleu": 69.283, "ruby-low": 0.8207878787878787, "ruby-high": 0.8952727272727273, "ruby": 0.8581666666666666}, "gcnn_3_0": {"grade-low": 2.3333333333333335, "grade-high": 2.8181818181818183, "grade": 2.5757575757575757, "rougel-low": 0.8118636363636363, "rougel-high": 0.8805151515151515, "rougel": 0.8460606060606061, "codebleu-low": 0.6563636363636364, "codebleu-high": 0.7761969696969697, "codebleu": 0.715030303030303, "chrf-low": 0.7624696969696971, "chrf-high": 0.8471666666666666, "chrf": 0.8057272727272727, "meteor-low": 0.694787878787879, "meteor-high": 0.8083333333333333, "meteor": 0.7516818181818181, "bleu-low": 62.828, "bleu-high": 75.451, "bleu": 69.099, "ruby-low": 0.8203030303030304, "ruby-high": 0.8934090909090908, "ruby": 0.8565606060606061}, "gcnn_5_0": {"grade-low": 2.3181818181818183, "grade-high": 2.803030303030303, "grade": 2.5606060606060606, "rougel-low": 0.8118636363636363, "rougel-high": 0.8801969696969697, "rougel": 0.8458636363636364,